,Country,Sex ,Date
0,USA,M,18-Sep-16
1,USA,M,18-Sep-16
2,USA,M,18-Sep-16
6,USA,M,11-Sep-16
7,USA,F,07-Sep-16
9,USA,F,05-Sep-16
11,USA,M,04-Sep-16
12,USA,M,01-Sep-16
13,USA,M,29-Aug-16
14,USA,M,29-Aug-16
16,USA,M,25-Aug-16
18,USA,M,06-Aug-16
19,USA,M,04-Aug-16
23,USA,M,27-Jul-16
30,USA,F,16-Jul-16
31,USA,F,16-Jul-16
32,USA,M,15-Jul-16
35,USA,M,08-Jul-16
36,USA,M,07-Jul-16
37,USA,M,07-Jul-16
38,USA,F,06-Jul-16
40,USA,M,27-Jun-16
41,USA,M,25-Jun-16
44,USA,M,21-Jun-16
45,USA,M,21-Jun-16
46,USA,M,15-Jun-16
48,USA,F,14-Jun-16
49,USA,M,11-Jun-16
50,USA,M,07-Jun-16
51,USA,M,05-Jun-16
57,USA,F,29-May-16
58,USA,M,29-May-16
59,USA,F,22-May-16
60,USA,F,21-May-16
61,USA,F,21-May-16
62,USA,M,18-May-16
63,USA,F,15-May-16
64,USA,M,03-May-16
67,USA,M,23-Apr-16
71,USA,M,13-Apr-16
74,USA,M,07-Apr-16
75,USA,M,07-Apr-16
76,USA,F,31-Mar-16
78,USA,M,28-Mar-16
82,USA,M,11-Mar-16
84,USA,M,04-Mar-16
95,USA,M,28-Jan-16
96,USA,F,25-Jan-16
97,USA,M,24-Jan-16
99,USA,M,23-Jan-16
105,USA,M,22-Dec-15
112,USA,M,16-Nov-15
113,USA,F,15-Nov-15
114,USA,M,15-Nov-15
116,USA,F,07-Nov-15
117,USA,M,03-Nov-15
118,USA,F,01-Nov-15
121,USA,M,28-Oct-15
123,USA,M,21-Oct-15
124,USA,M,19-Oct-15
126,USA,M,17-Oct-15
127,USA,M,17-Oct-15
128,USA,M,13-Oct-15
129,USA,F,09-Oct-15
130,USA,M,09-Oct-15
133,USA,M,05-Oct-15
134,USA,M,05-Oct-15
135,USA,M,04-Oct-15
136,USA,M,29-Sep-15
138,USA,M,24-Sep-15
139,USA,M,20-Sep-15
140,USA,M,20-Sep-15
141,USA,M,20-Sep-15
142,USA,M,20-Sep-15
143,USA,M,18-Sep-15
144,USA,M,17-Sep-15
146,USA,F,06-Sep-15
147,USA,M,05-Sep-15
149,USA,M,03-Sep-15
152,USA,F,29-Aug-15
153,USA,M,29-Aug-15
154,USA,M,22-Aug-15
156,USA,M,20-Aug-15
157,USA,F,19-Aug-15
158,USA,M,18-Aug-15
160,USA,M,10-Aug-15
162,USA,M,26-Jul-15
163,USA,F,26-Jul-15
165,USA,M,23-Jul-15
169,USA,M,10-Jul-15
170,USA,M,08-Jul-15
173,USA,M,04-Jul-15
176,USA,M,01-Jul-15
178,USA,M,30-Jun-15
179,USA,M,27-Jun-15
181,USA,F,26-Jun-15
183,USA,M,26-Jun-15
185,USA,M,25-Jun-15
186,USA,M,24-Jun-15
188,USA,M,23-Jun-15
190,USA,M,17-Jun-15
191,USA,M,14-Jun-15
192,USA,F,14-Jun-15
193,USA,F,13-Jun-15
194,USA,F,11-Jun-15
195,USA,M,07-Jun-15
196,USA,F,05-Jun-15
198,USA,F,29-May-15
199,USA,F,29-May-15
201,USA,F,24-May-15
202,USA,M,20-May-15
203,USA,M,15-May-15
205,USA,M,07-May-15
208,USA,F,29-Apr-15
209,USA,M,26-Apr-15
212,USA,M,13-Apr-15
216,USA,M,03-Apr-15
220,USA,M,18-Mar-15
231,USA,M,27-Jan-15
233,USA,M,19-Jan-15
237,USA,M,08-Jan-15
240,USA,M,01-Jan-15
245,USA,M,28-Dec-14
253,USA,M,16-Nov-14
255,USA,M,13-Nov-14
257,USA,M,08-Nov-14
258,USA,F,31-Oct-14
260,USA,F,22-Oct-14
261,USA,M,20-Oct-14
262,USA,F,19-Oct-14
263,USA,M,18-Oct-14
265,USA,F,14-Oct-14
266,USA,F,12-Oct-14
267,USA,F,07-Oct-14
269,USA,M,05-Oct-14
270,USA,M,05-Oct-14
271,USA,M,03-Oct-14
272,USA,M,03-Oct-14
273,USA,M,02-Oct-14
275,USA,M,21-Sep-14
277,USA,M,13-Sep-14
279,USA,M,06-Sep-14
280,USA,F,03-Sep-14
281,USA,M,02-Sep-14
283,USA,F,31-Aug-14
284,USA,M,29-Aug-14
286,USA,M,28-Aug-14
288,USA,M,27-Aug-14
289,USA,F,27-Aug-14
290,USA,M,Reported 25-Aug-2014
293,USA,M,12-Aug-14
294,USA,M,10-Aug-14
296,USA,F,09-Aug-14
297,USA,M,08-Aug-14
298,USA,M,06-Aug-14
299,USA,F,05-Aug-14
300,USA,M,02-Aug-14
301,USA,M,02-Aug-14
304,USA,M,27-Jul-14
306,USA,M,21-Jul-14
308,USA,M,16-Jul-14
309,USA,M,14-Jul-14
311,USA,M,12-Jul-14
312,USA,M,09-Jul-14
313,USA,M,05-Jul-14
314,USA,M,05-Jul-14
315,USA,M,03-Jul-14
322,USA,M,09-Jun-14
325,USA,F,07-Jun-14
326,USA,F,01-Jun-14
328,USA,F,01-Jun-14
333,USA,F,15-May-14
335,USA,F,13-May-14
336,USA,M,11-May-14
337,USA,M,Reported 10-May-2014
338,USA,F,06-May-14
339,USA,M,01-May-14
341,USA,M,22-Apr-14
342,USA,M,15-Apr-14
345,USA,M,04-Apr-14
346,USA,M,04-Apr-14
350,USA,M,22-Mar-14
351,USA,M,21-Mar-14
357,USA,M,02-Mar-14
370,USA,M,11-Dec-13
371,USA,M,10-Dec-13
373,USA,M,02-Dec-13
375,USA,F,29-Nov-13
377,USA,M,22-Nov-13
380,USA,M,07-Nov-13
381,USA,M,07-Nov-13
382,USA,M,31-Oct-13
387,USA,M,23-Oct-13
388,USA,M,20-Oct-13
389,USA,M,19-Oct-13
392,USA,M,06-Oct-13
393,USA,M,10-Oct-13
394,USA,M,29-Sep-13
396,USA,M, 25-Sep-2013
397,USA,M, 21-Sep-2013
398,USA,M, 21-Sep-2013
399,USA,M, 14-Sep-2013
400,USA,F, 12-Sep-2013
401,USA,F,08-Sep-13
402,USA,M, 07-Sep-2013
403,USA,M, 07-Sep-2013
404,USA,M, 02-Sep-2013
405,USA,M, 01-Sep-2013
407,USA,M, 01-Sep-2013
409,USA,M,31-Aug-13
410,USA,F,29-Aug-13
412,USA,F, 25-Aug-2013
414,USA,M, 18-Aug-2013
415,USA,F,17-Aug-13
416,USA,F, 14-Aug-2013
417,USA,F, 13-Aug-2013
418,USA,M,11-Aug-13
420,USA,M, 05-Aug-2013
421,USA,F,  31-Jul-2013
422,USA,M,  30-Jul-2013
425,USA,M,  29-Jul-2013
429,USA,F,19-Jul-13
430,USA,M,Reported 17-Jul-2013
433,USA,F,11-Jul-13
438,USA,M,25-Jun-13
439,USA,M,25-Jun-13
440,USA,M,25-Jun-13
441,USA,M,18-Jun-13
442,USA,M,17-Jun-13
444,USA,F,15-Jun-13
445,USA,F,Reported 14-Jun-2013
446,USA,M,06-Jun-13
448,USA,M,27-May-13
449,USA,M,27-May-13
453,USA,M,08-May-13
455,USA,M,04-May-13
459,USA,M,17-Apr-13
461,USA,M,13-Apr-13
464,USA,M,04-Apr-13
466,USA,M,02-Apr-13
479,USA,M,21-Feb-13
480,USA,M,10-Feb-13
486,USA,M,16-Jan-13
489,USA,M,31-Dec-12
494,USA,M,05-Dec-12
497,USA,M,30-Nov-12
500,USA,M,19-Nov-12
501,USA,M,04-Nov-12
502,USA,M,04-Nov-12
503,USA,M,30-Oct-12
504,USA,F,27-Oct-12
505,USA,M,23-Oct-12
506,USA,F,19-Oct-12
507,USA,M,18-Oct-12
508,USA,M,18-Oct-12
509,USA,M,16-Oct-12
511,USA,M,10-Oct-12
513,USA,M,25-Sep-12
514,USA,M,24-Sep-12
515,USA,M,16-Sep-12
518,USA,M,08-Sep-12
519,USA,M,08-Sep-12
520,USA,M,06-Sep-12
521,USA,M,06-Sep-12
522,USA,M,04-Sep-12
523,USA,F,02-Sep-12
525,USA,F,02-Sep-12
529,USA,M,15-Aug-12
531,USA,M,08-Aug-12
534,USA,M,31-Jul-12
536,USA,M,30-Jul-12
537,USA,M,30-Jul-12
538,USA,M,24-Jul-12
543,USA,F,08-Jul-12
546,USA,M,07-Jul-12
549,USA,M,26-Jun-12
550,USA,M,26-Jun-12
551,USA,F,26-Jun-12
553,USA,M,22-Jun-12
555,USA,M,19-Jun-12
556,USA,F,18-Jun-12
557,USA,M,15-Jun-12
558,USA,F,14-Jun-12
559,USA,M,14-Jun-12
560,USA,M,14-Jun-12
561,USA,M,14-Jun-12
565,USA,F,02-Jun-12
566,USA,M,02-Jun-12
567,USA,F,31-May-12
569,USA,M,23-May-12
570,USA,M,20-May-12
572,USA,M,12-May-12
573,USA,F,09-May-12
574,USA,F,06-May-12
575,USA,M,19-Apr-12
578,USA,M,03-Apr-12
579,USA,M,Apr-13
581,USA,M,24-Mar-12
584,USA,M,15-Mar-12
585,USA,F,14-Mar-12
586,USA,M,14-Mar-12
590,USA,M,04-Mar-12
593,USA,M,26-Feb-12
603,USA,M,13-Jan-12
606,USA,M,31-Dec-11
609,USA,M,23-Dec-11
610,USA,M,21-Dec-11
615,USA,F,06-Dec-11
620,USA,M,22-Nov-11
624,USA,M,  29-Oct-2011
628,USA,M,20-Oct-11
630,USA,M,11-Oct-11
631,USA,M,10-Oct-11
634,USA,M,02-Oct-11
635,USA,M,01-Oct-11
636,USA,M,30-Sep-11
639,USA,M,24-Sep-11
640,USA,M,24-Sep-11
641,USA,M,20-Sep-11
644,USA,M,16-Sep-11
645,USA,M,11-Sep-11
649,USA,M,02-Sep-11
650,USA,M,31-Aug-11
652,USA,F,28-Aug-11
654,USA,M,24-Aug-11
655,USA,M,24-Aug-11
658,USA,F,17-Aug-11
659,USA,M,17-Aug-11
662,USA,M,16-Aug--2011
664,USA,M,15-Aug-11
665,USA,M,11-Aug--2011
669,USA,M,25-Jul-11
671,USA,F,19-Jul-11
673,USA,M,13-Jul-11
675,USA,M,07-Jul-11
676,USA,M,07-Jul-11
682,USA,F,26-Jun-08
683,USA,M,24-Jun-11
684,USA,M,21-Jun-11
689,USA,M,12-Jun-11
691,USA,M,06-Jun-11
692,USA,M,06-Jun-11
694,USA,F,30-May-11
696,USA,F,25-May-11
697,USA,F,22-May-11
700,USA,M,13-May-11
701,USA,M,13-May-11
702,USA,M,10-May-11
705,USA,M,26-Apr-11
707,USA,M,22-Apr-11
711,USA,M,Reported 29-Mar-2011
734,USA,M,26-Dec-10
736,USA,M,11-Dec-10
745,USA,M,19-Nov-10
751,USA,M,28-Oct-10
753,USA,M,23-Oct-10
755,USA,M,22-Oct-10
761,USA,M,27-Sep-10
762,USA,M,24-Sep-10
765,USA,M,07-Sep-10
767,USA,M, 04-Sep-2010
768,USA,M,03-Sep-10
769,USA,M,03-Sep-10
772,USA,M,18-Aug-10
774,USA,M,14-Aug-10
778,USA,M,07-Aug-10
780,USA,F,05-Aug-10
781,USA,M,02-Aug-10
782,USA,F,02-Aug-10
783,USA,M,25-Jul-10
784,USA,M,23-Jul-10
785,USA,M,19-Jul-10
786,USA,F,17-Jul-10
787,USA,M,17-Jul-10
789,USA,M,16-Jul-10
790,USA,M,11-Jul-10
792,USA,M,03-Jul-10
793,USA,M,02-Jul-10
794,USA,M,02-Jul-10
795,USA,M,27-Jun-10
796,USA,F,25-Jun-10
797,USA,F,25-Jun-10
799,USA,F,10-Jun-10
801,USA,M,Jun-10
802,USA,M,30-May-10
807,USA,F,01-May-10
808,USA,M,28-Apr-10
809,USA,M,19-Apr-10
820,USA,M,06-Feb-10
822,USA,M,03-Feb-10
833,USA,M,06-Jan-10
845,USA,M,05-Dec-09
846,USA,M,25-Nov-09
847,USA,M,24-Nov-09
848,USA,M,16-Nov-09
849,USA,M,16-Nov-09
850,USA,F,13-Nov-09
851,USA,M,11-Nov-09
853,USA,M,05-Nov-09
857,USA,M,24-Oct-09
858,USA,M,19-Oct-09
862,USA,M,09-Oct-09
864,USA,M,26-Sep-09
868,USA,M,12-Sep-09
872,USA,M,30-Aug-09
874,USA,F,25-Aug-09
876,USA,M,10-Aug-09
877,USA,M,06-Aug-09
878,USA,M,01-Aug-09
883,USA,F,24-Jul-09
885,USA,F,22-Jul-09
886,USA,F,22-Jul-09
889,USA,M,11-Jul-09
891,USA,F,05-Jul-09
892,USA,F,04-Jul-09
894,USA,M,21-Jun-09
895,USA,M,16-Jun-09
901,USA,M,25-May-09
902,USA,M,17-May-09
903,USA,M,16-May-09
904,USA,M,16-May-09
907,USA,F,28-Apr-09
908,USA,M,Reported 25-Apr-2009
909,USA,M,21-Apr-09
911,USA,M,19-Apr-09
913,USA,M,17-Apr-09
914,USA,M,11-Apr-09
916,USA,M,06-Apr-09
917,USA,M,03-Apr-09
923,USA,F,18-Mar-09
925,USA,M,17-Mar-09
935,USA,M,08-Feb-09
960,USA,M,20-Dec-08
975,USA,M,08-Oct-08
977,USA,M,28-Sep-08
978,USA,M,28-Sep-08
980,USA,M,14-Sep-08
981,USA,M,09-Sep-08
982,USA,M,08-Sep-08
984,USA,M,06-Sep-08
985,USA,M,06-Sep-08
986,USA,M,01-Sep-08
987,USA,M,Sep-08
989,USA,M,30-Aug-08
991,USA,M,28-Aug-08
992,USA,M,27-Aug-08
993,USA,M,24-Aug-08
994,USA,F,24-Aug-08
995,USA,M,20-Aug-08
996,USA,M,18-Aug-08
997,USA,F,16-Aug-08
998,USA,F,12-Aug-08
999,USA,M,11-Aug-08
1004,USA,M,26-Jul-08
1005,USA,M,25-Jul-08
1006,USA,F,25-Jul-08
1007,USA,M,24-Jul-08
1008,USA,F,24-Jul-08
1009,USA,M,23-Jul-08
1010,USA,M,19-Jul-08
1012,USA,M,13-Jul-08
1013,USA,M,11-Jul-08
1014,USA,F,09-Jul-08
1015,USA,F,05-Jul-08
1017,USA,M,28-Jun-08
1021,USA,M,26-Jun-08
1022,USA,M,26-Jun-08
1024,USA,F,21-Jun-08
1025,USA,F,20-Jun-08
1027,USA,M,07-Jun-08
1029,USA,F,01-Jun-08
1031,USA,M,26-May-08
1038,USA,M,07-May-08
1041,USA,M,28-Apr-08
1042,USA,M,27-Apr-08
1044,USA,M,26-Apr-08
1045,USA,M,25-Apr-08
1046,USA,M,20-Apr-08
1051,USA,M,15-Apr-08
1052,USA,M,28-Mar-08
1056,USA,M,03-Apr-08
1058,USA,M,28-Mar-08
1059,USA,M,25-Mar-08
1060,USA,M,23-Mar-08
1061,USA,M,21-Mar-08
1062,USA,M,15-Mar-08
1063,USA,M,07-Mar-08
1066,USA,M,15-Feb-08
1068,USA,M,06-Feb-08
1073,USA,M,10-Jan-08
1074,USA,M,Fall 2008
1081,USA,M,10-Dec-07
1087,USA,M,06-Nov-07
1088,USA,M,04-Nov-07
1091,USA,M,29-Oct-07
1094,USA,M,07-Oct-07
1095,USA,M,06-Oct-07
1096,USA,M,30-Sep-07
1100,USA,F,27-Sep-07
1102,USA,F,22-Sep-07
1103,USA,F,22-Sep-07
1104,USA,M,20-Sep-07
1106,USA,M,16-Sep-07
1107,USA,F,16-Sep-07
1108,USA,M,13-Sep-07
1109,USA,F,08-Sep-07
1110,USA,F,05-Sep-07
1111,USA,M,04-Sep-07
1112,USA,F,03-Sep-07
1113,USA,M,03-Sep-07
1114,USA,M,28-Aug-07
1115,USA,M,28-Aug-07
1116,USA,M,26-Aug-07
1117,USA,M,25-Aug-07
1118,USA,M,22-Aug-07
1119,USA,M,20-Aug-07
1120,USA,M,19-Aug-07
1121,USA,M,19-Aug-07
1122,USA,M,19-Aug-07
1123,USA,M,15-Aug-07
1124,USA,F,12-Aug-07
1125,USA,M,11-Aug-07
1126,USA,M,09-Aug-07
1127,USA,M,09-Aug-07
1128,USA,F,07-Aug-07
1129,USA,M,29-Jul-07
1130,USA,M,28-Jul-07
1131,USA,M,22-Jul-07
1132,USA,M,21-Jul-07
1133,USA,M,19-Jul-2007.b
1135,USA,M,18-Jul-07
1137,USA,F,17-Jul-07
1138,USA,F,17-Jul-07
1140,USA,M,05-Jul-07
1143,USA,M,30-Jun-07
1144,USA,F,30-Jun-07
1145,USA,M,25-Jun-07
1146,USA,M,24-Jun-07
1147,USA,F,17-Jun-07
1148,USA,F,12-Jun-07
1150,USA,F,26-May-07
1151,USA,F,24-May-07
1155,USA,F,10-May-07
1158,USA,F,07-May-07
1159,USA,M,07-May-07
1163,USA,M,22-Apr-07
1164,USA,M,20-Apr-07
1167,USA,M,01-Apr-07
1168,USA,M,31-Mar-07
1169,USA,M,31-Mar-07
1171,USA,M,21-Mar-07
1173,USA,M,Reported 14-Mar-2007
1175,USA,M,11-Mar-07
1186,USA,M,07-Jan-07
1187,USA,M,01-Jan-07
1190,USA,M,10-Dec-06
1194,USA,M,11-Nov-06
1196,USA,M,31-Oct-06
1197,USA,M,16-Oct-06
1198,USA,M,10-Oct-06
1199,USA,M,07-Oct-06
1200,USA,M,05-Oct-06
1204,USA,M,29-Sep-06
1205,USA,M,Reported 18-Sep-2006
1206,USA,M,16-Sep-06
1207,USA,M,14-Sep-06
1208,USA,M,11-Sep-06
1211,USA,M,03-Sep-06
1212,USA,M,02-Sep-06
1214,USA,M,29-Aug-06
1223,USA,F,Aug-06
1226,USA,M,31-Jul-06
1227,USA,M,29-Jul-06
1228,USA,M,29-Jul-06
1230,USA,M,25-Jul-06
1231,USA,M,23-Jul-06
1233,USA,M,17-Jul-06
1235,USA,F,12-Jul-06
1237,USA,M,09-Jul-06
1238,USA,M,09-Jul-2006.
1239,USA,F,08-Jul-06
1240,USA,M,08-Jul-06
1241,USA,F,Jul-06
1242,USA,M,Jul-06
1243,USA,F,27-Jun-06
1244,USA,M,26-Jun-06
1246,USA,F,20-Jun-06
1248,USA,M,17-Jun-06
1249,USA,M,15-Jun-06
1250,USA,F,07-Jun-06
1252,USA,M,31-May-06
1254,USA,M,27-May-06
1255,USA,M,24-May-06
1257,USA,F,19-May-06
1258,USA,M,05-May-06
1259,USA,F,04-May-06
1261,USA,M,Reported      23-Apr-2006
1262,USA,M,21-Apr-06
1263,USA,F,19-Apr-06
1264,USA,M,13-Apr-06
1268,USA,M,03-Apr-06
1270,USA,F,23-Mar-06
1274,USA,F,27-Feb-06
1275,USA,M,23-Feb-06
1281,USA,M,01-Feb-06
1285,USA,M,18-Jan-06
1289,USA,M,04-Jan-06
1291,USA,M,24-Dec-05
1292,USA,M,21-Dec-05
1296,USA,M,Reported 29-Nov-2005
1297,USA,M,27-Nov-05
1302,USA,M,21-Nov-05
1303,USA,M,20-Nov-05
1306,USA,M,12-Nov-05
1307,USA,M,02-Nov-05
1308,USA,M,02-Nov-05
1309,USA,M,29-Oct-05
1312,USA,M,21-Oct-05
1313,USA,F,19-Oct-05
1314,USA,M,15-Oct-05
1315,USA,M,13-Oct-05
1317,USA,M,06-Oct-05
1323,USA,M,22-Sep-05
1324,USA,F,20-Sep-05
1325,USA,M,11-Sep-05
1327,USA,F,05-Sep-05
1329,USA,M,02-Sep-05
1332,USA,M,24-Aug-05
1333,USA,M,22-Aug-05
1334,USA,M,21-Aug-05
1335,USA,M,19-Aug-05
1337,USA,M,12-Aug-05
1338,USA,M,06-Aug-05
1340,USA,F,27-Jul-05
1341,USA,M,23-Jul-05
1342,USA,M,22-Jul-05
1346,USA,M,15-Jul-05
1347,USA,F,13-Jul-05
1348,USA,M,01-Jul-05
1349,USA,M,27-Jun-05
1350,USA,F,25-Jun-05
1353,USA,M,18-Jun-05
1354,USA,M,16-Jun-05
1356,USA,F,07-Jun-05
1357,USA,M,05-Jun-05
1359,USA,M,02-Jun-05
1360,USA,M,28-May-05
1361,USA,F,27-May-05
1366,USA,M,02-May-05
1367,USA,M,02-May-05
1372,USA,F,13-Apr-05
1373,USA,M,09-Apr-05
1374,USA,M,07-Apr-05
1375,USA,F,06-Apr-05
1381,USA,M,12-Mar-05
1386,USA,M,22-Feb-05
1387,USA,M,16-Feb-05
1388,USA,M,13-Feb-05
1400,USA,lli,11-Nov-04
1407,USA,M,10-Oct-04
1408,USA,M,09-Oct-04
1411,USA,M,02-Oct-04
1412,USA,M,01-Oct-04
1414,USA,M,20-Sep-04
1415,USA,M,10-Sep-04
1417,USA,F,04-Sep-04
1418,USA,F,29-Aug-04
1420,USA,M,20-Aug-04
1421,USA,M,15-Aug-04
1422,USA,M,06-Aug-04
1425,USA,F,31-Jul-04
1427,USA,F,28-Jul-04
1428,USA,F,27-Jul-04
1429,USA,F,27-Jul-04
1430,USA,M,25-Jul-04
1435,USA,M,02-Jul-04
1436,USA,M,26-Jun-04
1438,USA,F,14-Jun-04
1440,USA,M,10-Jun-04
1442,USA,M,29-May-04
1444,USA,M,28-May-04
1445,USA,M,23-May-04
1446,USA,M,22-May-04
1447,USA,F,22-May-04
1450,USA,M,04-May-04
1456,USA,M,07-Apr-04
1458,USA,F,04-Apr-04
1459,USA,M,31-Mar-04
1460,USA,M,31-Mar-04
1462,USA,M,28-Mar-04
1464,USA,M,27-Mar-04
1465,USA,F,14-Mar-04
1467,USA,M,16-Mar-04
1487,USA,M,26-Dec-03
1488,USA,M,13-Dec-03
1494,USA,F,22-Nov-03
1496,USA,M,12-Nov-03
1501,USA,M,31-Oct-03
1503,USA,F,31-Oct-03
1504,USA,M,27-Oct-03
1505,USA,M,24-Oct-03
1506,USA,M,14-Oct-03
1507,USA,M,06-Oct-03
1508,USA,F,05-Oct-03
1509,USA,M,05-Oct-03
1510,USA,M,05-Oct-03
1511,USA,M,05-Oct-03
1512,USA,F,05-Oct-03
1514,USA,M,28-Sep-03
1515,USA,M,21-Sep-03
1516,USA,M,19-Sep-03
1517,USA,M,17-Sep-03
1518,USA,M,14-Sep-03
1520,USA,F,14-Sep-03
1521,USA,M,13-Sep-03
1522,USA,M,13-Sep-03
1524,USA,M,Sep-03
1525,USA,M,29-Aug-03
1526,USA,F,19-Aug-03
1527,USA,M,12-Aug-03
1530,USA,M,20-Jul-03
1531,USA,F,15-Jul-03
1533,USA,M,05-Jul-03
1534,USA,M,05-Jul-03
1536,USA,M,Jul-03
1539,USA,M,30-Jun-03
1540,USA,M,26-Jun-03
1542,USA,F,24-Jun-03
1543,USA,M,24-Jun-03
1544,USA,M,22-Jun-03
1545,USA,M,19-Jun-03
1547,USA,F,Jun-03
1548,USA,M,25-May-03
1549,USA,M,14-May-03
1550,USA,M,10-May-03
1551,USA,M,07-May-03
1552,USA,F,03-May-03
1558,USA,M,21-Apr-03
1559,USA,M,21-Apr-03
1560,USA,M,20-Apr-03
1561,USA,M,20-Apr-03
1562,USA,M,20-Apr-03
1563,USA,M,19-Apr-03
1564,USA,M,18-Apr-03
1565,USA,M,15-Apr-03
1567,USA,M,09-Apr-03
1568,USA,M,04-Apr-03
1569,USA,F,10-Mar-03
1572,USA,M,15-Feb-03
1585,USA,M,28-Nov-02
1586,USA,F,17-Nov-02
1588,USA,M,11-Nov-02
1589,USA,M,02-Nov-02
1591,USA,F,30-Oct-02
1593,USA,M,11-Oct-02
1594,USA,M,05-Oct-02
1595,USA,M,05-Oct-02
1596,USA,M,03-Oct-02
1597,USA,M,30-Sep-02
1598,USA,M,29-Sep-02
1599,USA,M,27-Sep-02
1600,USA,M,27-Sep-02
1602,USA,M,21-Sep-02
1603,USA,M,21-Sep-02
1607,USA,M,09-Sep-02
1608,USA,M,05-Sep-02
1609,USA,M,28-Aug-02
1610,USA,F,17-Aug-02
1611,USA,M,14-Aug-02
1612,USA,M,11-Aug-02
1613,USA,M,07-Aug-02
1615,USA,M,05-Aug-02
1616,USA,M,26-Jul-02
1617,USA,F,20-Jul-02
1618,USA,M,10-Jul-02
1619,USA,M,09-Jul-02
1621,USA,F,04-Jul-02
1623,USA,F,20-Jun-02
1628,USA,M,10-Jun-02
1629,USA,M,09-Jun-02
1630,USA,M,09-Jun-02
1632,USA,M,31-May-02
1633,USA,M,31-May-02
1634,USA,M,22-May-02
1635,USA,M,22-May-02
1638,USA,M,13-May-02
1643,USA,M,20-Apr-02
1644,USA,M,18-Apr-02
1647,USA,M,02-Apr-02
1648,USA,M,01-Apr-02
1649,USA,M,25-Mar-02
1650,USA,F,25-Mar-02
1652,USA,M,19-Mar-02
1653,USA,M,15-Mar-02
1654,USA,M,15-Mar-02
1665,USA,M,01-Jan-02
1674,USA,M,24-Sep-01
1675,USA,M,18-Sep-01
1676,USA,M,16-Sep-01
1677,USA,M,15-Sep-01
1678,USA,M,15-Sep-01
1680,USA,M,08-Sep-01
1681,USA,M,07-Sep-01
1682,USA,F,07-Sep-01
1683,USA,M,03-Sep-01
1684,USA,F,03-Sep-01
1685,USA,M,02-Sep-01
1686,USA,M,01-Sep-01
1688,USA,F,29-Aug-01
1689,USA,M,27-Aug-01
1690,USA,M,26-Aug-01
1691,USA,M,25-Aug-01
1692,USA,M,22-Aug-01
1693,USA,M,21-Aug-01
1694,USA,M,19-Aug-01
1695,USA,F,19-Aug-01
1696,USA,F,19-Aug-01
1697,USA,M,18-Aug-01
1698,USA,M,18-Aug-01
1699,USA,M,18-Aug-01
1702,USA,F,05-Aug-01
1705,USA,F,26-Jul-01
1706,USA,M,25-Jul-01
1707,USA,F,24-Jul-01
1709,USA,M,15-Jul-01
1710,USA,M,15-Jul-01
1712,USA,M,06-Jul-01
1714,USA,M,Jul-01
1715,USA,M,12-Jun-01
1716,USA,M,10-Jun-01
1718,USA,F,03-Jun-01
1719,USA,M,29-May-01
1720,USA,M,23-May-01
1721,USA,M,20-May-01
1726,USA,M,03-May-01
1728,USA,M,28-Apr-01
1729,USA,M,13-Apr-01
1730,USA,M,13-Apr-01
1731,USA,M,12-Apr-01
1732,USA,M,12-Apr-01
1733,USA,M,12-Apr-01
1734,USA,M,12-Apr-01
1735,USA,M,12-Apr-01
1736,USA,M,11-Apr-01
1737,USA,M,11-Apr-01
1738,USA,M,11-Apr-01
1742,USA,M,05-Apr-01
1745,USA,M,23-Mar-01
1746,USA,M,09-Mar-01
1756,USA,M,09-Jan-01
1766,USA,M,17-Nov-00
1767,USA,F,10-Nov-00
1770,USA,M,04-Nov-00
1772,USA,M,20-Oct-00
1773,USA,F,18-Oct-00
1774,USA,M,14-Oct-00
1775,USA,M,09-Oct-00
1776,USA,M,06-Oct-00
1777,USA,M,06-Oct-00
1778,USA,M,02-Oct-00
1779,USA,M,29-Sep-00
1785,USA,M,15-Sep-00
1786,USA,F,12-Sep-00
1787,USA,M,11-Sep-00
1788,USA,M,10-Sep-00
1791,USA,M,08-Sep-00
1794,USA,M,31-Aug-00
1795,USA,M,30-Aug-00
1796,USA,M,Reported 27-Aug-2000
1797,USA,M,21-Aug-00
1798,USA,M,15-Aug-00
1799,USA,M,13-Aug-00
1800,USA,F,12-Aug-00
1801,USA,M,11-Aug-00
1802,USA,M,10-Aug-00
1804,USA,M,25-Jul-00
1805,USA,F,22-Jul-00
1806,USA,M,17-Jul-00
1807,USA,M,16-Jul-00
1812,USA,M,10-Jul-00
1813,USA,M,09-Jul-00
1814,USA,M,07-Jul-00
1815,USA,F,06-Jul-00
1816,USA,F,04-Jul-00
1817,USA,F,04-Jul-00
1818,USA,F,02-Jul-00
1819,USA,F,02-Jul-00
1823,USA,M,19-Jun-00
1825,USA,M,10-Jun-00
1826,USA,M,09-Jun-00
1827,USA,M,09-Jun-00
1828,USA,M,02-Jun-00
1834,USA,M,14-Apr-00
1835,USA,M,09-Apr-00
1836,USA,M,31-Mar-00
1838,USA,F,26-Mar-00
1839,USA,M,24-Mar-00
1846,USA,M,Mar-00
1847,USA,M,21-Feb-00
1854,USA,M,2000
1859,USA,M,14-Dec-99
1861,USA,M,02-Dec-99
1862,USA,M,30-Nov-99
1863,USA,F,23-Nov-99
1864,USA,M,15-Nov-99
1869,USA,M,30-Oct-99
1870,USA,M,30-Oct-99
1871,USA,M,20-Oct-99
1872,USA,M,01-Oct-99
1873,USA,M,29-Sep-99
1875,USA,F,Reported 16-Sep-1999
1876,USA,F,10-Sep-99
1877,USA,M,05-Sep-99
1878,USA,M,04-Sep-99
1879,USA,M,04-Sep-99
1880,USA,M,26-Aug-99
1881,USA,M,24-Aug-99
1883,USA,M,21-Aug-99
1884,USA,M,16-Aug-99
1885,USA,M,05-Aug-99
1888,USA,M,26-Jul-99
1889,USA,M,21-Jul-99
1891,USA,M,06-Jul-99
1892,USA,F,04-Jul-99
1894,USA,M,19-Jun-99
1895,USA,M,17-Jun-99
1896,USA,M,12-Jun-99
1897,USA,M,09-Jun-99
1902,USA,M,01-Apr-99
1905,USA,F,18-Mar-99
1908,USA,M,08-Mar-99
1909,USA,F,05-Mar-99
1912,USA,M,03-Feb-99
1919,USA,M,1999
1920,USA,M,24-Dec-98
1925,USA,M,21-Nov-98
1926,USA,M,14-Nov-98
1927,USA,M,11-Nov-98
1928,USA,M,05-Nov-98
1931,USA,F,24-Oct-98
1933,USA,M,10-Oct-98
1936,USA,M,01-Oct-98
1937,USA,M,27-Sep-98
1938,USA,M,22-Sep-98
1940,USA,M,14-Sep-98
1942,USA,M,30-Aug-98
1944,USA,M,26-Aug-98
1945,USA,M,Reported      23-Aug-1998
1947,USA,M,13-Aug-98
1952,USA,M,25-Jul-98
1958,USA,M,08-Jun-98
1963,USA,M,25-May-98
1964,USA,F,16-May-98
1965,USA,M,16-May-98
1968,USA,M,21-Apr-98
1969,USA,M,17-Apr-98
1972,USA,M,31-Mar-98
1974,USA,M,08-Mar-98
1975,USA,M,23-Feb-98
1984,USA,M,1998
1987,USA,F,25-Dec-97
1988,USA,M,25-Dec-97
1990,USA,M,Reported 05-Nov-1997
1993,USA,M,28-Oct-97
1994,USA,M,24-Oct-97
1995,USA,M,21-Oct-97
1997,USA,F,04-Oct-97
1999,USA,M,09-Sep-97
2001,USA,M,06-Sep-97
2002,USA,M,30-Aug-97
2003,USA,M,27-Aug-97
2004,USA,M,24-Aug-97
2007,USA,F,11-Aug-97
2010,USA,M,10-Aug-97
2011,USA,M,09-Aug-97
2012,USA,F,05-Aug-97
2013,USA,M,04-Aug-97
2014,USA,M,02-Aug-97
2015,USA,M,02-Aug-97
2019,USA,M,14-Jul-97
2022,USA,M,24-Jun-97
2024,USA,M,09-Jun-97
2026,USA,M,02-Jun-97
2027,USA,M,31-May-97
2028,USA,M,31-May-97
2029,USA,M,31-May-97
2035,USA,M,21-Feb-97
2046,USA,M,29-Nov-96
2047,USA,M,18-Nov-96
2051,USA,M,05-Oct-96
2052,USA,M,03-Oct-96
2053,USA,M,03-Oct-96
2055,USA,M,18-Sep-96
2057,USA,M,06-Sep-96
2058,USA,M,02-Sep-96
2059,USA,M,02-Sep-96
2060,USA,F,01-Sep-96
2062,USA,M,29-Aug-96
2063,USA,M,13-Aug-96
2064,USA,M,11-Aug-96
2065,USA,F,26-Jul-96
2068,USA,M,21-Jul-96
2069,USA,M,20-Jul-96
2071,USA,M,10-Jul-96
2072,USA,F,04-Jul-96
2074,USA,F,25-Jun-96
2079,USA,M,18-May-96
2081,USA,M,07-May-96
2082,USA,M,28-Apr-96
2089,USA,F,Reported      19-Feb-1996
2095,USA,M,23-Jan-96
2097,USA,M,16-Jan-96
2102,USA,M,1996
2103,USA,M,18-Dec-95
2105,USA,M,25-Nov-95
2108,USA,M,Reported 28-Oct-1995
2109,USA,M,21-Oct-95
2111,USA,M,01-Oct-95
2112,USA,M,30-Sep-95
2113,USA,M,30-Sep-95
2114,USA,M,28-Sep-95
2115,USA,M,19-Sep-95
2116,USA,F,17-Sep-95
2118,USA,M,13-Sep-95
2120,USA,M,03-Sep-95
2121,USA,M,03-Sep-95
2122,USA,M,31-Aug-95
2123,USA,M,31-Aug-95
2125,USA,M,26-Aug-95
2126,USA,M,26-Aug-95
2127,USA,M,25-Aug-95
2128,USA,M,22-Aug-95
2129,USA,M,22-Aug-95
2132,USA,M,15-Aug-95
2133,USA,M,13-Aug-95
2134,USA,M,10-Aug-95
2135,USA,F,10-Aug-95
2136,USA,M,07-Aug-95
2138,USA,M,Aug-95
2139,USA,M,28-Jul-95
2140,USA,M,28-Jul-95
2141,USA,M,28-Jul-95
2142,USA,M,28-Jul-95
2143,USA,M,28-Jul-95
2144,USA,F,24-Jul-95
2145,USA,M,23-Jul-95
2148,USA,M,06-Jul-95
2149,USA,F,03-Jul-95
2150,USA,M,Early Jul-1995
2151,USA,M,30-Jun-95
2152,USA,F,24-Jun-95
2153,USA,M,23-Jun-95
2154,USA,M,17-Jun-95
2155,USA,M,17-Jun-95
2156,USA,F,16-Jun-95
2157,USA,M,14-Jun-95
2161,USA,M,26-May-95
2165,USA,M,16-Apr-95
2166,USA,M,13-Apr-95
2178,USA,M,1995
2179,USA,M,1995
2186,USA,M,09-Dec-94
2189,USA,F,13-Nov-94
2193,USA,F,09-Oct-94
2194,USA,M,05-Oct-94
2195,USA,F,26-Sep-94
2196,USA,M,21-Sep-94
2197,USA,M,Reported 11-Sep-1994
2198,USA,F,05-Sep-94
2206,USA,M,08-Jul-94
2208,USA,M,31-May-94
2209,USA,M,31-May-94
2210,USA,M,28-May-94
2211,USA,F,24-May-94
2212,USA,M,23-May-94
2213,USA,M,15-May-94
2214,USA,F,Reported 16-Apr-1994
2217,USA,M,03-Apr-94
2221,USA,M,07-Mar-94
2224,USA,M,19-Feb-94
2225,USA,M,13-Feb-94
2229,USA,M,31-Jan-94
2235,USA,M,1994
2236,USA,M,Dec-93
2237,USA,M,28-Nov-93
2239,USA,M,12-Nov-93
2241,USA,M,30-Oct-93
2242,USA,F,26-Oct-93
2243,USA,F,10-Oct-93
2249,USA,M,14-Sep-93
2250,USA,M,09-Sep-93
2254,USA,M, 19-Aug-1993
2256,USA,F,15-Aug-93
2258,USA,M,12-Aug-93
2262,USA,F,07-Jul-93
2267,USA,M,10-Jun-93
2271,USA,F,Jun-93
2276,USA,M,22-Mar-93
2278,USA,M,14-Mar-93
2279,USA,M,12-Mar-93
2287,USA,M,02-Jan-93
2292,USA,M,28-Dec-92
2293,USA,M,23-Dec-92
2294,USA,M,29-Nov-92
2295,USA,M,25-Nov-92
2296,USA,M,23-Nov-92
2297,USA,M,14-Nov-92
2299,USA,M,11-Nov-92
2300,USA,M,06-Nov-92
2301,USA,M,05-Nov-92
2302,USA,M,29-Oct-92
2303,USA,M,22-Oct-92
2308,USA,M,13-Sep-92
2309,USA,F,11-Sep-92
2311,USA,M,Sep-92
2314,USA,M,21-Aug-92
2315,USA,M,18-Aug-92
2316,USA,M,17-Aug-92
2317,USA,M,Aug-92
2318,USA,M,23-Jul-92
2319,USA,F,21-Jul-92
2327,USA,M,31-May-92
2332,USA,F,28-Mar-92
2336,USA,M,08-Mar-92
2337,USA,M,19-Feb-92
2348,USA,M,04-Dec-91
2349,USA,F,26-Nov-91
2350,USA,F,26-Nov-91
2351,USA,M,19-Nov-91
2352,USA,M,14-Nov-91
2354,USA,M,12-Oct-91
2355,USA,M,05-Oct-91
2359,USA,M,26-Aug-91
2360,USA,F,12-Aug-91
2361,USA,M,09-Aug-91
2363,USA,M,27-Jul-91
2364,USA,M,18-Jul-91
2365,USA,M,07-Jul-91
2367,USA,M,01-Jul-91
2368,USA,M,Jul-91
2371,USA,M,26-Jun-91
2372,USA,M,07-Jun-91
2374,USA,M,26-May-91
2378,USA,M,16-Apr-91
2379,USA,M,03-Apr-91
2381,USA,M,24-Feb-91
2388,USA,F,03-Nov-90
2389,USA,M,01-Nov-90
2390,USA,M,30-Oct-90
2391,USA,M,30-Oct-90
2394,USA,M,20-Oct-90
2395,USA,M,15-Oct-90
2396,USA,M,12-Oct-90
2398,USA,M,08-Sep-90
2399,USA,M,05-Sep-90
2400,USA,M,30-Aug-90
2401,USA,M,28-Aug-90
2402,USA,M,19-Aug-90
2403,USA,M,19-Aug-90
2404,USA,F,22-Jul-90
2405,USA,M,08-Jul-90
2417,USA,M,01-Apr-90
2420,USA,M,17-Feb-90
2421,USA,M,05-Feb-90
2422,USA,M,12-Jan-90
2423,USA,M,1990
2424,USA,M,19-Dec-89
2429,USA,M,12-Nov-89
2433,USA,M,14-Oct-89
2434,USA,M,11-Oct-89
2435,USA,M,08-Oct-89
2438,USA,M,13-Sep-89
2440,USA,M,09-Sep-89
2441,USA,M,09-Sep-89
2442,USA,M,03-Sep-89
2444,USA,M,22-Aug-89
2452,USA,M,14-Jul-89
2453,USA,F,07-Jul-89
2454,USA,M,29-Jun-89
2455,USA,M,17-Jun-89
2460,USA,M,23-Apr-89
2461,USA,M,12-Apr-89
2463,USA,M,03-Apr-89
2464,USA,M,Apr-89
2470,USA,M,26-Jan-89
2471,USA,F,26-Jan-89
2472,USA,M,20-Jan-89
2474,USA,M,08-Jan-89
2477,USA,M,1989
2482,USA,M,23-Oct-88
2484,USA,M,14-Oct-88
2485,USA,M,11-Oct-88
2486,USA,M,10-Oct-88
2488,USA,F,Oct-88
2489,USA,M,28-Sep-88
2490,USA,F,13-Sep-88
2491,USA,M,13-Sep-88
2492,USA,M,22-Aug-88
2495,USA,M,11-Aug-88
2499,USA,F,11-Jul-88
2500,USA,M,04-Jul-88
2504,USA,M,16-Jun-88
2505,USA,M,09-Jun-88
2506,USA,M,05-Jun-88
2507,USA,M,01-Jun-88
2509,USA,M,10-May-88
2510,USA,M,04-May-88
2512,USA,M,24-Apr-88
2513,USA,M,15-Apr-88
2514,USA,M,15-Apr-88
2515,USA,M,14-Apr-88
2516,USA,M,14-Apr-88
2518,USA,F,31-Mar-88
2519,USA,M,25-Mar-88
2529,USA,M,14-Jan-88
2534,USA,M,17-Dec-87
2536,USA,M,21-Nov-87
2538,USA,M,26-Oct-87
2544,USA,M,20-Aug-87
2545,USA,M,15-Aug-87
2546,USA,M,21-Jul-87
2547,USA,F,12-Jul-87
2548,USA,F,12-Jul-87
2552,USA,M,13-Jun-87
2553,USA,M,25-May-87
2554,USA,M,08-May-87
2557,USA,F,18-Apr-87
2558,USA,M,15-Apr-87
2562,USA,M,28-Feb-87
2570,USA,M,11-Dec-86
2572,USA,M,06-Dec-86
2575,USA,M,30-Nov-86
2576,USA,M,19-Nov-86
2577,USA,M,04-Nov-86
2579,USA,F,03-Oct-86
2582,USA,M,Oct-86
2591,USA,M,09-Jul-86
2595,USA,M,20-Apr-86
2605,USA,M,12-Jan-86
2606,USA,M,1986
2608,USA,M,10-Dec-85
2611,USA,M,03-Nov-85
2613,USA,M,22-Oct-85
2614,USA,M,18-Oct-85
2615,USA,M,12-Oct-85
2616,USA,M,  05-Oct-1985
2617,USA,M,28-Sep-85
2619,USA,M,08-Sep-85
2620,USA,M,05-Sep-85
2621,USA,M,22-Aug-85
2622,USA,M,20-Aug-85
2623,USA,M,17-Aug-85
2624,USA,F,25-Jul-85
2625,USA,M,25-Jul-85
2627,USA,F,19-Jul-85
2629,USA,M,26-May-85
2631,USA,M,16-Mar-85
2633,USA,M,18-Feb-85
2634,USA,M,03-Feb-85
2646,USA,M,11-Nov-84
2647,USA,M,04-Nov-84
2648,USA,M,21-Oct-84
2649,USA,F,21-Oct-84
2650,USA,F,17-Oct-84
2651,USA,M,14-Oct-84
2652,USA,M,30-Sep-84
2653,USA,M,30-Sep-84
2654,USA,M,23-Sep-84
2655,USA,M,22-Sep-84
2656,USA,M,22-Sep-84
2658,USA,M,17-Sep-84
2659,USA,M,15-Sep-84
2661,USA,F,24-Aug-84
2663,USA,F,24-Jul-84
2664,USA,F,24-Jul-84
2666,USA,M,01-Jul-84
2669,USA,F,03-Jun-84
2682,USA,M,1984
2683,USA,M,1984
2685,USA,M,25-Dec-83
2691,USA,M,Reported      10-Nov-1983
2693,USA,M,17-Oct-83
2694,USA,M,13-Oct-83
2695,USA,M,04-Sep-83
2696,USA,M,20-Aug-83
2698,USA,F,15-Aug-83
2699,USA,M,13-Aug-83
2700,USA,F,13-Aug-83
2706,USA,F,12-Jul-83
2709,USA,M,29-Jun-83
2711,USA,M,20-Jun-83
2715,USA,M,31-May-83
2716,USA,M,24-May-83
2717,USA,M,21-May-83
2718,USA,M,19-Apr-83
2720,USA,M,02-Apr-83
2724,USA,M,10-Mar-83
2727,USA,M,24-Jan-83
2733,USA,M,1983
2734,USA,M,Nov-82
2735,USA,M,13-Oct-82
2738,USA,M,27-Sep-82
2739,USA,M,25-Sep-82
2740,USA,M,19-Sep-82
2741,USA,M,04-Sep-82
2743,USA,M,29-Aug-82
2748,USA,M,24-Jul-82
2749,USA,M,19-Jul-82
2750,USA,M, 11-Jul-1982
2751,USA,F,01-Jul-82
2754,USA,M,26-Jun-82
2756,USA,F,  25-Jun-1982
2757,USA,M,13-Jun-82
2758,USA,F,May-82
2759,USA,M,10-Mar-82
2763,USA,M,27-Feb-82
2765,USA,F,14-Feb-82
2766,USA,F,14-Feb-82
2767,USA,F,13-Feb-82
2768,USA,M,07-Feb-82
2769,USA,M,07-Feb-82
2774,USA,M,19-Dec-81
2776,USA,M,13-Dec-81
2779,USA,M,09-Nov-81
2780,USA,M,19-Oct-81
2781,USA,M,17-Oct-81
2782,USA,M,16-Oct-81
2783,USA,M,01-Oct-81
2784,USA,M,28-Sep-81
2786,USA,M,15-Sep-81
2787,USA,M,03-Sep-81
2788,USA,M,03-Sep-81
2789,USA,M,29-Aug-81
2790,USA,M,24-Aug-81
2791,USA,M,24-Aug-81
2792,USA,M,10-Aug-81
2793,USA,F,10-Aug-81
2795,USA,F,20-Jul-81
2797,USA,M,07-Jul-81
2800,USA,M,12-Jun-81
2801,USA,M,24-May-81
2804,USA,M,19-May-81
2805,USA,M,16-May-81
2810,USA,M,25-Mar-81
2811,USA,M,24-Mar-81
2817,USA,M,02-Feb-81
2819,USA,M,30-Jan-81
2829,USA,M,27-Oct-80
2830,USA,M,17-Oct-80
2832,USA,F,10-Aug-80
2833,USA,M,04-Aug-80
2835,USA,M,27-Jul-80
2836,USA,F,23-Jul-80
2837,USA,M,Late Jul-1980
2838,USA,M,Early Jul-1980
2839,USA,F,26-Jun-80
2861,USA,M,27-Nov-79
2867,USA,M,05-Aug-79
2869,USA,M,19-Jun-79
2870,USA,M,27-May-79
2875,USA,M,08-Apr-79
2876,USA,M,08-Apr-79
2877,USA,M,24-Mar-79
2878,USA,M,11-Mar-79
2882,USA,M,1979
2885,USA,M,26-Nov-78
2886,USA,M,23-Nov-78
2891,USA,M,05-Aug-78
2892,USA,M,Reported 01-Aug-1978
2893,USA,M,27-Jul-78
2894,USA,M,19-Jul-78
2895,USA,M,21-Jun-78
2896,USA,M,21-Jun-78
2906,USA,F,1978
2908,USA,M,31-Dec-77
2909,USA,M,19-Dec-77
2917,USA,M,14-Aug-77
2918,USA,M,05-Aug-77
2919,USA,M,02-Jul-77
2920,USA,M,26-Jun-77
2921,USA,M,06-Jun-77
2925,USA,M,21-Apr-77
2935,USA,M,18-Dec-76
2938,USA,M,25-Nov-76
2942,USA,M,18-Oct-76
2947,USA,M,12-Sep-76
2948,USA,M,12-Sep-76
2949,USA,M,06-Sep-76
2950,USA,M,26-Aug-76
2951,USA,M,24-Aug-76
2952,USA,M,24-Jul-76
2953,USA,M,21-Jul-76
2954,USA,M,16-Jul-76
2955,USA,M,12-Jul-76
2956,USA,M,23-Jun-76
2957,USA,M,10-Jun-76
2962,USA,M,12-Mar-76
2970,USA,M,08-Jan-76
2972,USA,M,1976
2974,USA,M,06-Dec-75
2979,USA,M,02-Nov-75
2980,USA,M,21-Oct-75
2985,USA,M,12-Aug-75
2986,USA,M,09-Aug-75
2988,USA,F,30-Jul-75
2990,USA,M,26-Jul-1975.b
2992,USA,M,23-Jul-75
2993,USA,M,19-Jul-75
2994,USA,F,15-Jul-75
2996,USA,M,04-Jul-75
2997,USA,M,23-Jun-75
2998,USA,F,23-Jun-75
2999,USA,M,15-Jun-75
3000,USA,M,Reported 02-Jun-1975
3001,USA,M,Jun-75
3002,USA,M,25-May-75
3003,USA,F,20-May-75
3009,USA,M,16-Mar-75
3023,USA,M,01-Nov-74
3024,USA,M,28-Sep-74
3025,USA,M,14-Sep-74
3027,USA,M,02-Sep-74
3028,USA,M,02-Sep-74
3030,USA,M,Sep-74
3036,USA,M,05-Aug-74
3037,USA,M,26-Jul-74
3038,USA,M,20-Jul-74
3039,USA,M,02-Jul-74
3040,USA,F,20-Jun-74
3041,USA,M,26-May-74
3045,USA,F,12-Apr-74
3063,USA,M,18-Dec-73
3066,USA,M,24-Nov-73
3075,USA,M,16-Aug-73
3083,USA,M,09-Jan-73
3096,USA,M,14-Oct-72
3097,USA,M,14-Oct-72
3099,USA,M,09-Sep-72
3101,USA,M,29-Aug-72
3102,USA,M,17-Aug-72
3107,USA,M,10-Jun-72
3108,USA,M,28-May-72
3114,USA,M,16-Mar-72
3127,USA,M,23-Oct-71
3129,USA,M,02-Oct-71
3134,USA,M,26-Jul-71
3135,USA,M,19-Jul-71
3152,USA,M,03-Dec-70
3154,USA,M,24-Oct-70
3155,USA,M,Oct-70
3158,USA,M,05-Sep-70
3160,USA,M,Sep-70
3161,USA,M,Sep-70
3164,USA,M,22-Jun-70
3172,USA,M,31-Mar-70
3173,USA,M,23-Mar-70
3192,USA,M,11-Nov-69
3194,USA,M,14-Oct-69
3195,USA,M,06-Sep-69
3196,USA,M,29-Aug-69
3197,USA,M,22-Aug-69
3198,USA,M,02-Aug-69
3199,USA,M,02-Aug-69
3202,USA,M,22-Jul-69
3203,USA,M,20-Jul-69
3204,USA,M,27-Jun-69
3206,USA,M,Jun-69
3207,USA,M,25-May-69
3208,USA,M,24-May-69
3212,USA,M,19-Aug-69
3214,USA,M,09-Mar-69
3229,USA,M,13-Oct-68
3234,USA,M,21-Aug-68
3238,USA,M,27-Jul-68
3239,USA,M,23-Jul-68
3240,USA,M,16-Jul-68
3244,USA,M,09-Jun-68
3248,USA,M,29-Apr-68
3249,USA,M,20-Apr-68
3254,USA,M,10-Mar-68
3255,USA,M,Mar-68
3256,USA,M,26-Feb-68
3270,USA,M,14-Dec-67
3277,USA,M,17-Oct-67
3279,USA,M,20-Sep-67
3285,USA,M,27-Aug-67
3292,USA,M,07-Aug-67
3295,USA,M,29-Jul-67
3297,USA,M,Jul-67
3298,USA,M,13-Jun-67
3324,USA,M,19-Sep-66
3328,USA,M,08-Sep-66
3338,USA,M,Mid Aug-1966
3339,USA,M,Aug-66
3340,USA,M,31-Jul-66
3341,USA,M,19-Jul-66
3342,USA,M,17-Jul-66
3345,USA,M,03-Jul-66
3347,USA,M,22-Jun-66
3348,USA,M,11-Jun-66
3349,USA,M,04-Jun-66
3354,USA,M,16-May-66
3356,USA,M,08-Apr-66
3363,USA,M,22-Jan-66
3370,USA,M,05-Jan-66
3371,USA,F,Summer of 1996
3388,USA,M,26-Aug-65
3392,USA,M,19-Jun-65
3393,USA,M,18-Jun-65
3402,USA,M,29-Apr-65
3403,USA,M,25-Apr-65
3404,USA,M,10-Apr-65
3406,USA,M,04-Apr-65
3407,USA,M,23-Mar-65
3408,USA,M,14-Mar-65
3410,USA,M,04-Feb-65
3411,USA,M,25-Jan-65
3416,USA,M,Summer 1965
3417,USA,M,1965
3418,USA,M,Early 1965
3438,USA,M,26-Aug-64
3440,USA,M,22-Aug-64
3441,USA,M,21-Aug-64
3442,USA,M,08-Aug-64
3445,USA,M,27-Jul-64
3449,USA,M,08-Jul-64
3453,USA,F,28-Jun-64
3464,USA,M,05-Mar-64
3476,USA,M,Feb-64
3483,USA,M,11-Jan-64
3506,USA,M,12-Nov-63
3509,USA,M,16-Oct-63
3515,USA,M,10-Sep-63
3518,USA,M,15-Jul-63
3519,USA,M,11-Jul-63
3524,USA,M,18-May-63
3527,USA,M,20-Apr-63
3530,USA,M,12-Apr-63
3531,USA,M,08-Apr-63
3537,USA,M,04-Feb-63
3555,USA,M,11-Nov-62
3562,USA,F,06-Oct-62
3571,USA,M,29-Aug-62
3574,USA,M,19-Aug-62
3575,USA,M,12-Aug-62
3579,USA,M,28-Jul-62
3581,USA,M,19-Jul-62
3582,USA,M,10-Jul-62
3583,USA,M,07-Jul-62
3585,USA,M,25-Jun-62
3587,USA,M,17-Jun-62
3588,USA,M,11-Jun-62
3589,USA,M,11-Jun-62
3590,USA,M,11-Jun-62
3592,USA,M,10-Jun-62
3594,USA,M,04-Jun-62
3595,USA,M,03-Jun-62
3596,USA,M,29-May-62
3620,USA,M,14-Jan-62
3646,USA,M,09-Oct-61
3648,USA,M,Oct-61
3649,USA,M,26-Sep-61
3656,USA,M,20-Aug-61
3657,USA,M,16-Aug-61
3659,USA,M,02-Aug-61
3661,USA,M,29-Jul-61
3666,USA,M,24-Jun-61
3667,USA,M,18-Jun-61
3668,USA,M,Reported 06-Jun-1961
3671,USA,M,21-May-61
3673,USA,M,15-May-61
3675,USA,M,30-Apr-61
3679,USA,M,16-Apr-61
3693,USA,M,17-Feb-61
3699,USA,M,Feb-61
3715,USA,M,27-Dec-60
3721,USA,F,22-Nov-60
3727,USA,M,25-Oct-60
3732,USA,M,Oct-60
3735,USA,M,24-Sep-60
3740,USA,M,30-Aug-60
3742,USA,M,25-Aug-60
3743,USA,M,24-Aug-60
3745,USA,M,22-Aug-60
3746,USA,M,21-Aug-60
3748,USA,M,10-Aug-60
3750,USA,M,04-Aug-60
3751,USA,M,Aug-60
3753,USA,M,05-Jul-60
3754,USA,M,03-Jul-60
3756,USA,M,29-Jun-60
3759,USA,M,24-Jun-60
3760,USA,M,07-Jun-60
3762,USA,M,04-Jun-60
3765,USA,F,19-May-60
3769,USA,M,24-Apr-60
3781,USA,M,31-Mar-60
3785,USA,M,27-Feb-60
3823,USA,M,10-Nov-59
3828,USA,M,04-Oct-59
3833,USA,M,26-Sep-59
3837,USA,M,02-Sep-59
3843,USA,M,15-Aug-59
3844,USA,M,15-Aug-59
3845,USA,M,14-Aug-59
3847,USA,M,13-Aug-59
3850,USA,F,10-Aug-59
3851,USA,M,05-Aug-59
3854,USA,M,28-Jul-59
3858,USA,M,23-Jul-59
3860,USA,M,02-Jul-59
3865,USA,M,14-Jun-59
3868,USA,F,16-May-59
3869,USA,M,07-May-59
3870,USA,M,03-May-59
3874,USA,M,09-Apr-59
3877,USA,M,29-Mar-59
3879,USA,M,Mar-59
3904,USA,M,13-Dec-58
3910,USA,M,12-Oct-58
3911,USA,M,05-Oct-58
3916,USA,M,01-Sep-58
3920,USA,M,27-Jul-58
3921,USA,M,27-Jul-58
3922,USA,M,10-Jul-58
3926,USA,M,02-Jul-58
3929,USA,M,Jul-58
3930,USA,M,26-Jun-58
3931,USA,M,24-Jun-58
3932,USA,M,17-Jun-58
3935,USA,M,30-Apr-58
3941,USA,M,01-Feb-58
3966,USA,M,Aug-57
3967,USA,M,24-Jul-57
3968,USA,M,15-Jul-57
3973,USA,M,May-57
3974,USA,M,28-Apr-57
3976,USA,M,22-Apr-57
3981,USA,M,05-Feb-57
3983,USA,M,Feb-57
3990,USA,M,1957
4004,USA,M,23-Sep-56
4010,USA,M,Reported 15-Aug-1956
4012,USA,M,15-Aug-56
4019,USA,M,28-Jul-56
4020,USA,M,26-Jul-56
4022,USA,F,17-Jul-56
4023,USA,M,12-Jul-56
4042,USA,M,1956
4043,USA,F,1956
4054,USA,M,20-Sep-55
4055,USA,M,04-Sep-55
4056,USA,M,03-Sep-55
4058,USA,M,30-Aug-55
4061,USA,M,Reported 04-Aug-1955
4065,USA,M,23-Jun-55
4068,USA,M,08-May-55
4072,USA,M,Apr-55
4076,USA,M,10-Feb-55
4077,USA,M,06-Feb-55
4087,USA,M,1955
4094,USA,M,20-Nov-54
4095,USA,M,07-Oct-54
4099,USA,M,21-Sep-54
4113,USA,M,29-Jun-54
4118,USA,M,08-Apr-54
4128,USA,M,1954
4138,USA,M,Reported 20-Sep-1953
4139,USA,M,18-Sep-53
4140,USA,M,Reported 03-Sep-1953
4141,USA,M,02-Sep-53
4144,USA,M,26-Jul-53
4145,USA,M,16-Jul-53
4146,USA,F,15-Jul-53
4149,USA,M,04-Jul-53
4153,USA,F,04-Apr-53
4160,USA,M,18-Feb-53
4167,USA,F,1953
4172,USA,M,03-Aug-52
4173,USA,M,07-Dec-52
4174,USA,M,03-Dec-52
4179,USA,M,27-Jul-52
4180,USA,M,27-Jul-52
4181,USA,M,27-Jul-52
4182,USA,M,13-Jul-52
4183,USA,M,05-Jul-52
4184,USA,M,27-May-52
4196,USA,M,1952
4213,USA,M,Reported 19-Jul-1951
4215,USA,M,25-Jun-51
4234,USA,M,28-Oct-50
4242,USA,M,10-Jul-50
4243,USA,M,09-Jul-50
4244,USA,M,Jul-50
4245,USA,M,25-Jun-50
4246,USA,M,06-Jun-50
4256,USA,M,16-Jan-50
4263,USA,M,1950
4264,USA,M,1950s
4282,USA,M,25-Jul-49
4283,USA,M,16-Jul-49
4310,USA,M,19-Sep-48
4311,USA,M,19-Sep-48
4318,USA,M,01-Jul-48
4325,USA,M,13-Feb-48
4328,USA,M,Summer 1948
4343,USA,M,04-Aug-47
4344,USA,M,Reported 27-Jul-1947
4348,USA,M,27-Jun-47
4397,USA,M,08-May-45
4414,USA,M,03-Sep-44
4419,USA,F,31-May-44
4436,USA,M,04-Dec-43
4439,USA,M,26-Oct-43
4442,USA,M,18-Jul-43
4451,USA,M,05-Apr-43
4460,USA,M,Fall 1943
4461,USA,M,Fall 1943
4462,USA,M,1943
4484,USA,M,04-Jun-42
4513,USA,M,01-Aug-41
4515,USA,M,01-Jul-41
4516,USA,M,15-Jun-41
4519,USA,M,09-Mar-41
4536,USA,M,13-Jul-40
4537,USA,M,13-Jul-40
4538,USA,M,30-Jun-40
4563,USA,M,04-Oct-39
4565,USA,M,01-Aug-39
4568,USA,M,14-Jul-39
4569,USA,M,03-May-39
4582,USA,M,18-Aug-38
4583,USA,M,18-Jul-38
4585,USA,M,17-Jul-38
4600,USA,M,1938
4603,USA,M,13-Nov-37
4621,USA,M,    15-Jun-1937
4622,USA,M,30-May-37
4633,USA,M,30-Dec-36
4639,USA,M,04-Sep-36
4643,USA,M,Aug-36
4644,USA,M,25-Jul-36
4649,USA,M,06-Jun-36
4652,USA,M,30-Mar-36
4665,USA,M,21-Sep-35
4670,USA,M,27-Jul-35
4671,USA,M,27-Jul-35
4674,USA,M,18-Jun-35
4682,USA,M,Reported 08-Apr-1935
4707,USA,M,05-Aug-34
4710,USA,M,20-Jun-34
4726,USA,M,28-Aug-33
4727,USA,M,28-Aug-33
4728,USA,F,Reported 26-Aug-1933
4729,USA,M,Reported 07-Jul-1933
4731,USA,M,21-Jun-33
4732,USA,F,16-Jun-33
4738,USA,M,10-Apr-33
4752,USA,M,10-Aug-32
4755,USA,M,Reported 14-Jul-1932
4757,USA,M,28-Jun-32
4758,USA,M,26-Jun-32
4764,USA,M,16-Feb-32
4773,USA,M,21-Sep-31
4774,USA,F,21-Sep-31
4775,USA,M,02-Sep-31
4777,USA,M,30-Aug-31
4781,USA,M,18-Aug-31
4782,USA,M,Reported 06-Aug-1931
4785,USA,M,15-Jul-31
4786,USA,M,14-Jun-31
4787,USA,M,13-Jun-31
4788,USA,M,Reported 04-Jun-1931
4809,USA,M,06-Aug-30
4811,USA,M,11-Jul-30
4813,USA,M,27-May-30
4817,USA,M,Reported 07-Mar-1930
4836,USA,M,05-Aug-29
4839,USA,M,23-Jun-29
4846,USA,M,16-Mar-29
4860,USA,M,1929
4862,USA,M,1929
4864,USA,M,18-Nov-28
4866,USA,M,12-Nov-28
4868,USA,M,Sep-28
4869,USA,M,Reported 24-Aug-1928
4872,USA,M,Reported 24-Jun-1928
4885,USA,M,Some time between 08-Jan-1928 & 21-Jan-1928
4904,USA,M,Reported 08-Jan-1927
4914,USA,M,24-Aug-26
4916,USA,M,12-Jul-26
4917,USA,M,08-Jul-26
4919,USA,M,18-May-26
4921,USA,F,07-Apr-26
4931,USA,M,Nov-25
4934,USA,F,02-Aug-25
4936,USA,M,May-25
4940,USA,M,Reported 27-Jan-1925
4945,USA,M,21-Nov-24
4948,USA,M,31-Jul-24
4950,USA,M,04-Jul-24
4951,USA,M,18-Jun-24
4976,USA,M,Feb-23
4980,USA,M,1923
4982,USA,M,1923
4983,USA,M,1923
4984,USA,F,14-Dec-22
4988,USA,M,28-Sep-22
4991,USA,M,19-Jul-22
4992,USA,F,17-Jun-22
5019,USA,M,14-Jul-20
5021,USA,M,29-Jun-20
5035,USA,M,10-Aug-19
5036,USA,M,29-May-19
5037,USA,M,06-Apr-19
5044,USA,F,1919
5045,USA,M,Nov-18
5052,USA,M,21-Sep-17
5053,USA,M,09-Sep-17
5055,USA,M,18-Jul-17
5057,USA,M,03-Jun-17
5067,USA,M,11-Oct-16
5068,USA,M, 24-Aug-1916
5069,USA,M,26-Jul-16
5070,USA,F,13-Jul-16
5071,USA,M,13-Jul-16
5072,USA,M,12-Jul-16
5073,USA,M,12-Jul-16
5074,USA,M,12-Jul-16
5078,USA,M,06-Jul-16
5079,USA,M,01-Jul-16
5080,USA,M,30-Jun-16
5082,USA,M,23-Jun-16
5089,USA,M,03-Aug-15
5097,USA,M,Ca. 1915
5101,USA,M,09-Sep-14
5103,USA,M,Reported 09-Jul-1914
5108,USA,F,14-May-14
5109,USA,M,Reported 14-Mar-1914
5110,USA,M,03-Mar-14
5118,USA,M,21-Sep-13
5120,USA,M,Reported 27-Aug-1913
5121,USA,F,Reported 27-Aug-1913
5123,USA,M,12-Jul-13
5124,USA,M,21-May-13
5131,USA,M,30-Aug-12
5132,USA,M,23-Jul-12
5144,USA,M,08-Nov-11
5145,USA,M,26-Oct-11
5147,USA,M,23-Sep-11
5148,USA,M,20-Sep-11
5149,USA,M,17-Sep-11
5151,USA,M,Reported 16-Jul-1911
5153,USA,M,Reported 01-May-1911
5158,USA,M,1911
5166,USA,M,Reported 16-May-1910
5169,USA,M,Mar-10
5172,USA,M,1910
5174,USA,M,Reported 26-Nov-1909
5178,USA,M,Reported 04-Sep-1909
5179,USA,M,13-Aug-09
5180,USA,M,24-Jul-09
5181,USA,M,15-Jul-09
5186,USA,F,10-Apr-09
5195,USA,M,05-Sep-08
5200,USA,M,08-Jun-08
5203,USA,M,10-May-08
5204,USA,M,08-Jan-08
5211,USA,M,08-Oct-07
5216,USA,M,Reported 08-Aug-1907
5219,USA,M,Jul-07
5221,USA,M,26-Mar-07
5227,USA,M,1907
5229,USA,M,Reported 10-Oct-1906
5230,USA,M,Reported 10-Oct-1906
5231,USA,M,Reported 10-Oct-1906
5232,USA,M,Reported 10-Oct-1906
5236,USA,M,Sep-06
5238,USA,M,04-Aug-06
5239,USA,M,Reported 05-Jul-1906
5253,USA,M,Late Aug-1905
5255,USA,M,29-Jul-05
5257,USA,M,Jul-05
5258,USA,M,22-May-05
5269,USA,M,28-Jul-04
5270,USA,M,27-Jul-04
5275,USA,M,1904
5277,USA,M,1904
5279,USA,M,Reported 16-Sep-1903
5287,USA,M,Ca. 1903
5290,USA,M,Reported 01-Nov-1902
5293,USA,M,08-Aug-02
5295,USA,M,06-Jul-02
5311,USA,M,Summer 1901
5316,USA,M,13-Sep-00
5317,USA,M,05-Sep-00
5318,USA,M,21-Aug-00
5320,USA,M,14-Jul-00
5323,USA,M,Early 1900s
5330,USA,M,Reported 23-Aug-1899
5331,USA,M,15-Aug-1899
5342,USA,M,1899
5343,USA,M,Ca. 1899
5345,USA,M,28-Oct-1898
5348,USA,M,22-Aug-1898
5356,USA,M,1898
5360,USA,M,1898-1899
5362,USA,M,1898
5363,USA,M,Reported 04-Dec-1897
5366,USA,M,17-Sep-1897
5367,USA,M,06-Sep-1897
5371,USA,M,Reported 15-Mar-1897
5380,USA,M,25-Jul-1896
5381,USA,M,Reported 21-Jun-1896
5383,USA,M,1896
5391,USA,M,11-Aug-1895
5392,USA,M,2-Aug-1895
5405,USA,M,11-Dec-1894
5407,USA,M,Reported 06-Oct-1894
5408,USA,M,Reported 12-Sep-1894
5410,USA,M,Reported 01-Sep-1894
5411,USA,F,21-Aug-1894
5412,USA,M,01-Aug-1894
5414,USA,M,29-Jun-1894
5416,USA,M,Reported 15-Jun-1894
5436,USA,M,Reported 16-Sep-1892
5448,USA,M,29-Aug-1891
5449,USA,M,11-Jun-1891
5456,USA,M,9-Aug-1890
5470,USA,M,16-Nov-1889
5472,USA,M,21-Jul-1889
5473,USA,M,  19-Jul-1889
5494,USA,M,18-Oct-1887
5504,USA,M,Mid-Aug-1886
5506,USA,M,Aug-1886
5508,USA,F,02-Jun-1886
5522,USA,M,26-Jul-1885
5523,USA,M,26-Jul-1885
5524,USA,M,26-Jul-1885
5530,USA,M,Reported 28-Aug-1884
5531,USA,M,18-Aug-1884
5541,USA,M,Summer of 1883
5542,USA,M,1883
5543,USA,M,1883
5553,USA,M,1882
5556,USA,M,16-Oct-1881
5557,USA,M,05-Sep-1881
5559,USA,M,12-Aug-1881
5561,USA,M,13-Jun-1881
5567,USA,M,25-Jul-1880
5576,USA,M,Ca. 1880
5583,USA,M,3-Jul-1879
5586,USA,M,1879
5590,USA,M,Reported 14-Sep-1878
5593,USA,M,09-Aug-1878
5594,USA,M,08-Aug-1878
5614,USA,M,Reported 04-Jun-1876
5629,USA,M,Reported 15-Jul-1874
5630,USA,M,15-Jul-1874
5636,USA,M,28-Jul-1873
5643,USA,M,Reported 03-Apr-1872
5648,USA,M,Reported 29-Aug-1871
5649,USA,M,Aug-1871
5655,USA,M,27-Jul-1870
5676,USA,M,02-Sep-1865
5677,USA,M,Reported 18-Jul-1865
5682,USA,M,12-Aug-1864
5689,USA,M,Reported 13-Sep-1863
5705,USA,F,Circa 1862
5713,USA,M,01-Aug-1860
5718,USA,M,16-Mar-1859
5719,USA,M,31-Aug-1858
5720,USA,M,29-Aug-1858
5728,USA,M,30-Sep-1855
5736,USA,M,28-Sept-1853
5737,USA,M,Reported 13-Jul-1853
5739,USA,M,Sep or Oct-1853
5740,USA,M,1853
5741,USA,M,1853 or 1854
5746,USA,M,Aug-1852
5751,USA,M,1852
5753,USA,M,Mar-1851
5754,USA,M,1851
5759,USA,M,08-Jun-1849
5760,USA,F,08-Jun-1849
5762,USA,M,31-Aug-1848
5768,USA,M,1847
5769,USA,M,Ca. 1847
5773,USA,M,Reported 10-Sep-1845
5786,USA,M,Ca. 1840
5791,USA,M,09-Sep-1837
5793,USA,M,Ca. 1837
5802,USA,M,26-Jul-1830
5808,USA,M,1828
5821,USA,M,24-Jun-1817
5829,USA,M,Sep-1805
5837,USA,M,1779
5840,USA,M,Reported 12-Jul-1771
5859,USA,M,1642
5877,USA,M,2009?
5881,USA,M,Before 2012
5884,USA,M,Before 1908
5890,USA,F,Before 2009
5891,USA,M,Beforer 1994
5900,USA,M,Before 2006
5907,USA,M,No date
5916,USA,M,"No date, Before  1975"
5920,USA,M,"No date, Before 1963"
5922,USA,M,"No date, Before 1963"
5923,USA,M,"No date, Before 1902"
5935,USA,F,Before  19-Jun-1959
5939,USA,M,Before 1958
5973,USA,M,Before 1921
5978,USA,M,Before          17-Jul-1916
5982,USA,F,Circa 1862
5989,USA,M,1900-1905
